{
  "train_loss": [
    0.6743187000011576,
    0.5593375327258274,
    0.504654927500363,
    0.47672487024603216,
    0.4583466525735526,
    0.4462218253776945,
    0.437914088882249,
    0.4339044289342288,
    0.42688822849043484,
    0.4231649349475729,
    0.4226364133686855,
    0.4201541820476795,
    0.41515329480171204,
    0.41342010785793437,
    0.4149882670106559,
    0.41171915263965214,
    0.4102936171252152,
    0.40673597927751215,
    0.4080776171437625,
    0.4075246689648464,
    0.40453039161090193,
    0.40495870647759274,
    0.40252058875971825,
    0.39956857315425215,
    0.399407926304587,
    0.40031870685774706,
    0.400400605695001,
    0.3982084259904664,
    0.39916180844964655,
    0.3961457425150378
  ],
  "val_loss": [
    0.613900077342987,
    0.5465407013893128,
    0.5099068760871888,
    0.4901923596858978,
    0.474042683839798,
    0.46843681335449217,
    0.46269297003746035,
    0.4615508675575256,
    0.4498143792152405,
    0.45677593946456907,
    0.45489601492881776,
    0.44359198212623596,
    0.4469579577445984,
    0.4466152608394623,
    0.44207707047462463,
    0.4396503925323486,
    0.4415423393249512,
    0.44197837710380555,
    0.44318369030952454,
    0.438409286737442,
    0.444472873210907,
    0.44076051712036135,
    0.4345925271511078,
    0.43447357416152954,
    0.43620931506156924,
    0.4355079591274261,
    0.4393609702587128,
    0.43638590574264524,
    0.4374492228031158,
    0.43218523263931274
  ],
  "val_MAE": [
    15.673210144042969,
    14.792733192443848,
    18.424665451049805,
    16.05061912536621,
    19.318918228149414,
    16.639074325561523,
    17.340036392211914,
    21.34497833251953,
    17.44063377380371,
    20.613361358642578,
    20.662158966064453,
    19.718643188476562,
    18.897279739379883,
    19.108585357666016,
    19.25242042541504,
    18.34413719177246,
    19.034008026123047,
    19.2564697265625,
    21.226634979248047,
    20.273616790771484,
    19.088796615600586,
    16.684749603271484,
    17.30896759033203,
    17.120946884155273,
    19.85908317565918,
    18.587779998779297,
    17.07525062561035,
    18.579517364501953,
    18.375598907470703,
    18.43063735961914
  ],
  "val_RMSE": [
    30.387537002563477,
    29.690393447875977,
    38.76849365234375,
    33.79643630981445,
    43.35804748535156,
    36.67781448364258,
    38.29496383666992,
    52.071937561035156,
    38.66388702392578,
    50.3727912902832,
    49.827980041503906,
    47.07680892944336,
    44.437904357910156,
    45.089927673339844,
    45.182708740234375,
    41.95732498168945,
    43.86117172241211,
    46.32014465332031,
    52.077430725097656,
    49.99161148071289,
    46.060001373291016,
    38.10068893432617,
    39.791542053222656,
    38.693416595458984,
    47.9644889831543,
    43.86054229736328,
    39.184242248535156,
    43.32015609741211,
    42.88508605957031,
    42.71271514892578
  ],
  "val_MAPE": [
    58.75875473022461,
    54.3412971496582,
    70.5946273803711,
    61.800575256347656,
    76.3682632446289,
    64.51444244384766,
    67.74250030517578,
    90.12091827392578,
    68.75151062011719,
    85.97710418701172,
    86.79524230957031,
    80.69990539550781,
    77.9299087524414,
    77.29569244384766,
    78.19342803955078,
    73.30745697021484,
    76.1567153930664,
    78.46859741210938,
    86.79664611816406,
    83.82085418701172,
    78.6349105834961,
    65.57955169677734,
    68.3534164428711,
    67.10835266113281,
    80.81897735595703,
    74.81739044189453,
    66.71416473388672,
    74.9048080444336,
    73.71147918701172,
    74.24803161621094
  ]
}