{
  "train_loss": [
    0.6507703086425518,
    0.5415214546795549,
    0.49848458273657437,
    0.4725741497401533,
    0.4600056132365917,
    0.4443979098879058,
    0.43526701269478635,
    0.43036801753372983,
    0.42722087892992744,
    0.42126928321246443,
    0.42019414387900256,
    0.41912758864205457,
    0.41556423183145197,
    0.4114566969460455,
    0.408784977320967,
    0.40852489450882223,
    0.4078073111073724,
    0.40703133570736855,
    0.4043264789827939,
    0.4023013906232242,
    0.39997733255912515,
    0.40035763999511453,
    0.3986822983314251,
    0.3973326467234513,
    0.395672463137528,
    0.39640229015514766,
    0.39374740678688575,
    0.39334398713605156,
    0.39251803940740126,
    0.39058403105571354
  ],
  "val_loss": [
    0.5988819658756256,
    0.5323068499565125,
    0.5059460401535034,
    0.48912466764450074,
    0.4808290719985962,
    0.4659146308898926,
    0.461292564868927,
    0.4609117925167084,
    0.4519790351390839,
    0.4512065529823303,
    0.4535146772861481,
    0.4500097155570984,
    0.4469138026237488,
    0.44270437955856323,
    0.4384303867816925,
    0.43790948390960693,
    0.44953945875167844,
    0.43807120323181153,
    0.43646676540374757,
    0.4369101345539093,
    0.431837785243988,
    0.43535208106040957,
    0.4324360489845276,
    0.43562324047088624,
    0.4317199170589447,
    0.43122186660766604,
    0.43186209797859193,
    0.43161128759384154,
    0.43033414483070376,
    0.42884390950202944
  ],
  "val_MAE": [
    19.1874942779541,
    18.54213523864746,
    21.23381233215332,
    21.410728454589844,
    23.512340545654297,
    20.949413299560547,
    19.808521270751953,
    18.02920150756836,
    20.897974014282227,
    21.7893123626709,
    19.758697509765625,
    22.517436981201172,
    22.216033935546875,
    20.699644088745117,
    19.874652862548828,
    20.47869873046875,
    20.674707412719727,
    21.324249267578125,
    21.033647537231445,
    21.32312774658203,
    19.46509552001953,
    20.02062225341797,
    20.239139556884766,
    19.94475555419922,
    21.622343063354492,
    19.7430362701416,
    19.855510711669922,
    19.687847137451172,
    22.13426971435547,
    20.15882682800293
  ],
  "val_RMSE": [
    38.650142669677734,
    39.40591049194336,
    49.041385650634766,
    50.95683670043945,
    56.928733825683594,
    49.28702926635742,
    47.604373931884766,
    42.86783981323242,
    50.62519836425781,
    52.996551513671875,
    47.54739761352539,
    57.74997329711914,
    54.18130111694336,
    50.330379486083984,
    46.62137222290039,
    49.777591705322266,
    48.41302490234375,
    52.25895690917969,
    51.093345642089844,
    53.98129653930664,
    46.40758514404297,
    47.77079772949219,
    50.066036224365234,
    47.64117431640625,
    54.46452331542969,
    47.40370178222656,
    48.00159454345703,
    46.4570198059082,
    55.31321334838867,
    48.81282043457031
  ],
  "val_MAPE": [
    71.3288345336914,
    73.05364990234375,
    85.65599060058594,
    85.77012634277344,
    96.64620971679688,
    84.76683807373047,
    80.99388122558594,
    69.47109985351562,
    85.31085968017578,
    87.37355041503906,
    79.49080657958984,
    92.989501953125,
    92.13369750976562,
    85.39897155761719,
    80.68106842041016,
    84.0584716796875,
    84.50830078125,
    88.98881530761719,
    85.738525390625,
    87.34314727783203,
    79.96367645263672,
    84.4185562133789,
    82.97256469726562,
    81.45712280273438,
    88.64696502685547,
    80.2047348022461,
    81.1170425415039,
    80.68878173828125,
    91.05107116699219,
    83.19025421142578
  ]
}