{
  "Full model": {
    "MAE": 18.489152908325195,
    "RMSE": 43.026432037353516,
    "MAPE": 71.63850402832031,
    "Morning MAE": 11.63642406463623,
    "Evening MAE": 10.83693790435791,
    "Night MAE": 40.3023681640625,
    "Hot MAE": 45.410037994384766,
    "Cold MAE": 3.691154956817627
  },
  "w/o Residual": {
    "MAE": 22.769250869750977,
    "RMSE": 55.444915771484375,
    "MAPE": 91.90399169921875,
    "Morning MAE": 13.27081298828125,
    "Evening MAE": 11.63459300994873,
    "Night MAE": 54.663246154785156,
    "Hot MAE": 56.988433837890625,
    "Cold MAE": 3.9594931602478027
  },
  "w/o Spatial Cluster": {
    "MAE": 19.849117279052734,
    "RMSE": 45.21897888183594,
    "MAPE": 77.31519317626953,
    "Morning MAE": 12.461430549621582,
    "Evening MAE": 11.067118644714355,
    "Night MAE": 44.01567077636719,
    "Hot MAE": 48.774391174316406,
    "Cold MAE": 3.9493372440338135
  },
  "w/o Temporal Cluster": {
    "MAE": 17.83139419555664,
    "RMSE": 40.20897674560547,
    "MAPE": 69.92633819580078,
    "Morning MAE": 11.127910614013672,
    "Evening MAE": 10.661822319030762,
    "Night MAE": 38.54510498046875,
    "Hot MAE": 43.48416519165039,
    "Cold MAE": 3.7304601669311523
  },
  "w/o Both Clusters": {
    "MAE": 19.255224227905273,
    "RMSE": 43.434844970703125,
    "MAPE": 74.90250396728516,
    "Morning MAE": 12.414071083068848,
    "Evening MAE": 11.226702690124512,
    "Night MAE": 42.030799865722656,
    "Hot MAE": 47.397342681884766,
    "Cold MAE": 3.785931348800659
  }
}