{
  "train_loss": [
    0.6869491462049813,
    0.5785952374852937,
    0.5134629730520577,
    0.4858294992611326,
    0.4655567130138134,
    0.45115361542537297,
    0.44244749792690935,
    0.4312587359855915,
    0.42858381620768843,
    0.42564745401513987,
    0.42092403769493103,
    0.41749367117881775,
    0.4140904884913872,
    0.41257237257628604,
    0.41015930730721045,
    0.407836821572534,
    0.40629951912781287,
    0.4041907735939684,
    0.40241618403073015,
    0.4005573145274458,
    0.3998471210742819,
    0.39918640666994554,
    0.39519744905932197,
    0.39388532268589943,
    0.39390257206456414,
    0.3941759559614905,
    0.3925367182698743,
    0.3906600660291211,
    0.38976827058298835,
    0.38992837482485276
  ],
  "val_loss": [
    0.6490520119667054,
    0.5639542281627655,
    0.5224493503570556,
    0.49537726044654845,
    0.48204289078712464,
    0.46936832666397094,
    0.46362850069999695,
    0.4553209960460663,
    0.46412060260772703,
    0.45438492894172666,
    0.44761059284210203,
    0.4491216778755188,
    0.44401235580444337,
    0.4433661997318268,
    0.44519681930541993,
    0.4418377995491028,
    0.4403678774833679,
    0.4343848705291748,
    0.43666297793388364,
    0.4387365460395813,
    0.4414318084716797,
    0.43238248825073244,
    0.43527752757072447,
    0.43304564952850344,
    0.43797156810760496,
    0.4357898712158203,
    0.43093342185020445,
    0.4305445611476898,
    0.43562290668487547,
    0.4296952188014984
  ],
  "val_MAE": [
    16.231216430664062,
    16.38619613647461,
    16.382497787475586,
    17.500873565673828,
    16.798791885375977,
    18.19961166381836,
    18.69184112548828,
    18.112504959106445,
    19.917280197143555,
    18.780155181884766,
    17.78091812133789,
    18.426681518554688,
    17.979228973388672,
    19.493480682373047,
    20.86069107055664,
    17.63128089904785,
    18.393892288208008,
    20.1794376373291,
    18.398038864135742,
    19.861793518066406,
    20.738859176635742,
    19.535409927368164,
    18.706708908081055,
    18.6794490814209,
    18.38730812072754,
    21.028141021728516,
    17.854135513305664,
    19.280481338500977,
    18.94268226623535,
    18.819473266601562
  ],
  "val_RMSE": [
    32.16867446899414,
    32.763065338134766,
    32.51763916015625,
    36.5111083984375,
    35.40087127685547,
    40.59685516357422,
    41.377864837646484,
    40.81283950805664,
    45.768287658691406,
    42.30083084106445,
    40.429931640625,
    43.23891067504883,
    40.64273452758789,
    45.14748764038086,
    48.38389587402344,
    40.095951080322266,
    43.4326057434082,
    48.221160888671875,
    42.10337829589844,
    47.420413970947266,
    48.884891510009766,
    44.881683349609375,
    43.42365646362305,
    43.93368148803711,
    41.81071472167969,
    49.0429801940918,
    40.3713493347168,
    45.023582458496094,
    43.80177688598633,
    43.700069427490234
  ],
  "val_MAPE": [
    59.29310989379883,
    61.39598083496094,
    62.884300231933594,
    68.13336944580078,
    65.99687194824219,
    73.33263397216797,
    74.8956527709961,
    73.15095520019531,
    83.33332061767578,
    77.49240112304688,
    72.10684967041016,
    75.28324127197266,
    72.9410171508789,
    79.1207046508789,
    83.7615737915039,
    71.39998626708984,
    75.50060272216797,
    81.60905456542969,
    74.75386810302734,
    81.79197692871094,
    83.99901580810547,
    79.57898712158203,
    76.8330307006836,
    76.29753875732422,
    75.26172637939453,
    86.46842193603516,
    72.3072738647461,
    78.4267578125,
    76.7390365600586,
    75.06134796142578
  ]
}