{
  "train_loss": [
    0.6783269869870153,
    0.6050835190148189,
    0.5527474952155146,
    0.5028921077991354,
    0.4735147860543481,
    0.4580769579986046,
    0.4482263809648053,
    0.43590326350310754,
    0.42941570898582193,
    0.4224183949930915,
    0.41976606640322456,
    0.4175425243788752,
    0.411781704631345,
    0.4093884990133088,
    0.4055419245670582,
    0.40523105345923327,
    0.4033545296767662,
    0.4005563084421487,
    0.39941437902121707,
    0.39868864828142625,
    0.3974254090210487,
    0.39835309365700033,
    0.3947897872020458,
    0.3943269992696828,
    0.3928382386421335,
    0.3929144925084607,
    0.39104885685032814,
    0.3915921634641187,
    0.38826415559341165,
    0.38956203542906664
  ],
  "val_loss": [
    0.6628509879112243,
    0.6134756803512573,
    0.5489791631698608,
    0.5095444858074188,
    0.4932027041912079,
    0.4835462212562561,
    0.4775571882724762,
    0.46412723064422606,
    0.46355222463607787,
    0.456222265958786,
    0.4540813326835632,
    0.44964778423309326,
    0.4463081657886505,
    0.4452950835227966,
    0.4478116512298584,
    0.44339982271194456,
    0.44288862943649293,
    0.4429583609104156,
    0.439047509431839,
    0.4385703504085541,
    0.44214988946914674,
    0.4403839707374573,
    0.43822379112243653,
    0.4363252580165863,
    0.43900415301322937,
    0.4382957696914673,
    0.43275773525238037,
    0.4320428729057312,
    0.44067018628120425,
    0.43282321095466614
  ],
  "val_MAE": [
    31.194164276123047,
    28.403465270996094,
    25.138465881347656,
    23.934396743774414,
    24.228984832763672,
    23.65228843688965,
    24.043716430664062,
    23.6129207611084,
    23.80952262878418,
    23.30418586730957,
    22.958438873291016,
    23.26036834716797,
    23.192108154296875,
    22.84636688232422,
    23.62356185913086,
    23.423219680786133,
    22.987403869628906,
    23.419071197509766,
    22.802169799804688,
    22.70032501220703,
    23.0911865234375,
    23.471405029296875,
    22.831687927246094,
    22.992481231689453,
    23.196916580200195,
    22.92182731628418,
    22.63900375366211,
    23.53369140625,
    23.038311004638672,
    22.957109451293945
  ],
  "val_RMSE": [
    67.38771057128906,
    63.67219924926758,
    58.678443908691406,
    55.68014144897461,
    56.31648635864258,
    55.411033630371094,
    56.61463928222656,
    55.65764617919922,
    56.09233856201172,
    55.2574577331543,
    54.67155075073242,
    55.5739631652832,
    55.170040130615234,
    54.33140563964844,
    55.29976272583008,
    56.488948822021484,
    54.64336395263672,
    55.61808776855469,
    54.63853454589844,
    54.774471282958984,
    55.17655944824219,
    56.245018005371094,
    54.93571090698242,
    55.21889877319336,
    55.95240020751953,
    55.34804916381836,
    54.668880462646484,
    56.786407470703125,
    55.419830322265625,
    55.43858337402344
  ],
  "val_MAPE": [
    112.9979476928711,
    107.9903564453125,
    98.41183471679688,
    95.12474822998047,
    96.96717071533203,
    95.06700897216797,
    96.36920166015625,
    95.83617401123047,
    96.52407836914062,
    94.18851470947266,
    92.80767822265625,
    94.12545013427734,
    94.08153533935547,
    92.42936706542969,
    95.20821380615234,
    95.80513000488281,
    94.11991882324219,
    94.31294250488281,
    93.24946594238281,
    92.52208709716797,
    94.40245056152344,
    96.43046569824219,
    93.52279663085938,
    93.87895202636719,
    95.3466796875,
    94.03939056396484,
    92.96820831298828,
    96.71817779541016,
    94.6233901977539,
    93.70585632324219
  ]
}